Name,Purpose
Anderson-Waters,Synergistic multi-tasking Local Area Network for drive compelling vortals
Little-Terry,Reverse-engineered 6thgeneration policy for strategize transparent users
Cooper Ltd,Triple-buffered logistical framework for incubate bleeding-edge models
"Blevins, Morris and Perez",Re-engineered content-based hub for re-contextualize robust content
Howell-Miller,Public-key asynchronous knowledgebase for seize mission-critical e-services
Smith-Vaughan,Adaptive bifurcated strategy for repurpose granular synergies
Small PLC,Visionary national workforce for seize magnetic relationships
"Brown, Carpenter and Davis",Cross-group zero-defect core for repurpose revolutionary initiatives
"Smith, Vasquez and White",Open-architected systematic hierarchy for generate real-time e-markets
Phillips and Sons,Inverse object-oriented website for benchmark one-to-one bandwidth
Esparza Inc,Cloned bottom-line support for target global web services
"Rivera, Lawrence and Reid",Horizontal secondary archive for drive e-business communities
"Ramirez, Martinez and Wade",Persistent multi-state project for redefine global metrics
Murphy-Thomas,Pre-emptive dynamic portal for embrace cross-media convergence
"Miller, Mcmahon and White",Synergized neutral instruction set for enable interactive eyeballs
Santos-Swanson,Persistent static ability for mesh leading-edge systems
Williams Ltd,Visionary scalable instruction set for morph open-source functionalities
Jackson-Taylor,Ergonomic local protocol for synthesize next-generation content
Gardner Inc,Cross-platform multi-state strategy for architect back-end platforms
Franklin PLC,Assimilated bottom-line strategy for enable dot-com convergence
Perez Group,Re-contextualized radical ability for reinvent compelling niches
Hill-Garcia,Networked cohesive flexibility for implement scalable partnerships
Reynolds PLC,Pre-emptive global initiative for embrace value-added e-business
"Bautista, Wong and Schneider",Triple-buffered optimal approach for synergize world-class schemas
"Reynolds, Reyes and Smith",Ameliorated value-added budgetary management for deliver 24/365 synergies
Livingston-Marshall,Function-based local leverage for facilitate virtual partnerships
Davis-Gutierrez,Mandatory well-modulated alliance for re-intermediate plug-and-play interfaces
Houston-Arellano,Synergized full-range info-mediaries for re-intermediate ubiquitous functionalities
Thompson Ltd,Multi-tiered cohesive implementation for embrace end-to-end e-services
Berg-Sawyer,Persevering heuristic workforce for envisioneer one-to-one e-business
Lester and Sons,Horizontal multi-tasking firmware for evolve one-to-one schemas
Harris and Sons,Integrated web-enabled info-mediaries for whiteboard efficient e-business
Adams and Sons,Inverse explicit matrices for integrate distributed convergence
Moore-Cobb,Visionary client-server strategy for re-intermediate value-added networks
"Sanchez, Reyes and Bishop",Distributed bifurcated data-warehouse for deploy 24/365 channels
"Davis, Rasmussen and Roth",Seamless 6thgeneration toolset for leverage virtual experiences
"Cervantes, Johnson and Love",Business-focused bi-directional support for implement leading-edge initiatives
Williams-Simmons,Decentralized tangible time-frame for incubate user-centric functionalities
"Obrien, Wilson and Freeman",Mandatory mobile core for synthesize out-of-the-box schemas
Cline PLC,Optimized coherent knowledge user for generate scalable eyeballs
Powell-Garcia,Open-source didactic array for aggregate best-of-breed infrastructures
Velazquez PLC,Front-line transitional service-desk for reinvent synergistic bandwidth
"Andrews, Taylor and Rodriguez",Reverse-engineered bandwidth-monitored hardware for enhance vertical e-services
Becker-White,Decentralized impactful installation for iterate compelling e-business
Gilbert Ltd,Optional user-facing focus group for strategize customized info-mediaries
"Kane, Carter and Miller",Pre-emptive didactic attitude for revolutionize world-class experiences
Lewis-Brown,Universal regional approach for integrate value-added e-tailers
Thompson Inc,Seamless responsive middleware for deliver enterprise web-readiness
Martin-Hamilton,Upgradable well-modulated hub for evolve ubiquitous bandwidth
Martinez-Barton,Down-sized optimizing open system for scale extensible platforms